<?xml version="1.0" encoding="UTF-8" ?>
<!DOCTYPE mapper PUBLIC
            "-//mybatis.org//DTO Mapper 3.0//EN"
            "https://mybatis.org/dtd/mybatis-3-mapper.dtd">

<mapper namespace="com.TravelMaker.repository.member.MemberDAO">

    <insert id="insertMember" parameterType="member">
        insert into travelmaker_member
            (travelMaker_Member_UserId, travelMaker_Member_UserPw, travelMaker_Member_Salt, travelMaker_Member_UserName,
        travelMaker_Member_UserNickName, travelMaker_Member_Email, travelMaker_Member_Birth, travelMaker_Member_Gender,
        <if test="travelMaker_Member_EncodingProfileImg != null">travelMaker_Member_EncodingProfileImg,</if>
        travelMaker_Member_Pnum)
        values
            (#{travelMaker_Member_UserId}, #{travelMaker_Member_UserPw}, #{travelMaker_Member_Salt}, #{travelMaker_Member_UserName},
        #{travelMaker_Member_UserNickName}, #{travelMaker_Member_Email}, #{travelMaker_Member_Birth}, #{travelMaker_Member_Gender},
        <if test="travelMaker_Member_EncodingProfileImg != null">#{travelMaker_Member_EncodingProfileImg},</if>
        #{travelMaker_Member_Pnum})
    </insert>

    <select id="selectOneById" resultType="member" parameterType="string">
        select * from travelmaker_member
            where travelmaker_member_userid = #{travelMaker_Member_UserId}
    </select>

    <select id="selectOneByNickname" resultType="member" parameterType="string">
        SELECT * FROM TRAVELMAKER_MEMBER
            WHERE TRAVELMAKER_MEMBER_USERNICKNAME = #{nickname}
    </select>
    
    <select id="selectOneByEmail" resultType="member" parameterType="String">
        SELECT * FROM TRAVELMAKER_MEMBER
            WHERE TRAVELMAKER_MEMBER_EMAIL = #{email}
    </select>
    
    <update id="secessionAll" parameterType="member">
    	UPDATE TRAVELMAKER_MEMBER
		SET travelMaker_Member_IsExist = 'N'
		WHERE travelMaker_Member_Idx = #{travelMaker_Member_Idx}
    </update>
    
    <select id="isWithDrawl" parameterType="member" resultType="member">
    	 SELECT * FROM TRAVELMAKER_MEMBER
    	 	where travelmaker_member_userid = #{travelMaker_Member_UserId} and travelMaker_Member_IsExist = 'N'
    </select>

	
    <update id="updatePw" parameterType="member">
        UPDATE TRAVELMAKER_MEMBER
        SET TRAVELMAKER_MEMBER_USERPW = #{travelMaker_Member_UserPw} , TRAVELMAKER_MEMBER_SALT = #{travelMaker_Member_Salt}
        WHERE TRAVELMAKER_MEMBER_USERID = #{travelMaker_Member_UserId}
    </update>
</mapper>