<?xml version="1.0" encoding="UTF-8"?>
<!DOCTYPE mapper PUBLIC 
		"-//mybatis.org//DTD Mapper 3.0//EN" 
		"https://mybatis.org/dtd/mybatis-3-mapper.dtd">
		
<mapper namespace="com.TravelMaker.repository.admin.AdminDAO">
	<insert id="insertLodge" parameterType="lodge">
		insert into lodge 
			(lodge_name, lodge_type, lodge_address, lodge_tel, lodge_content, lodge_Sellerinfo_businessnum)
				values
					(#{lodge_name}, #{lodge_type}, #{lodge_address}, #{lodge_tel}, #{lodge_content}, #{lodge_Sellerinfo_businessnum})
	</insert>

	<insert id="insertRecommend" parameterType="recommend">
		INSERT INTO RECOMMEND_TRAVEL
		(
			recommend_travel_address,
			recommend_travel_eventstartdate,
			recommend_travel_eventenddate,
				<if test="recommend_travel_img != null">
					recommend_travel_img,
				</if>
			recommend_travel_mapx,
			recommend_travel_mapy,
			recommend_travel_maplevel,
			recommend_travel_tel,
			recommend_travel_title,
			recommend_travel_contentid,
			recommend_travel_content
		)
		VALUES
		(
			#{recommend_travel_address},
			#{recommend_travel_eventstartdate},
			#{recommend_travel_eventenddate},
			<if test="recommend_travel_img != null">
				#{recommend_travel_img},
			</if>
			#{recommend_travel_mapx},
			#{recommend_travel_mapy},
			#{recommend_travel_maplevel},
			#{recommend_travel_tel},
			#{recommend_travel_title},
			#{recommend_travel_contentid},
			#{recommend_travel_content}
		)
	</insert>
</mapper>