<?xml version="1.0" encoding="UTF-8"?>
<!DOCTYPE mapper PUBLIC 
		"-//mybatis.org//DTD Mapper 3.0//EN" 
		"https://mybatis.org/dtd/mybatis-3-mapper.dtd">
		
<mapper namespace="com.TravelMaker.repository.recommendTravel.Recommend_TravelDAO">
	<select id="selectRandom" resultType="recommend" parameterType="String">
     SELECT *
     	FROM (
		    SELECT * 
		    FROM RECOMMEND_TRAVEL
		    WHERE recommend_travel_address LIKE '${value}%'
		    ORDER BY dbms_random.value
		)
		FETCH FIRST 4 ROWS ONLY
	</select>
	<select id="selectAll" resultType="recommend">
		SELECT *
     	FROM (
		    SELECT * 
		    FROM RECOMMEND_TRAVEL
		    ORDER BY dbms_random.value
		)
		FETCH FIRST 4 ROWS ONLY
	</select>
	
	<select id="selectOneByIdx" parameterType="int" resultType="recommend">
		select *
			from recommend_Travel
				where recommend_travel_idx = ${idx}
	</select>

	<select id="getRecommend" parameterType="int" resultType="recommend">
		SELECT
			*
				FROM
			RECOMMEND_TRAVEL
				WHERE RECOMMEND_TRAVEL_IDX = ${idx}
	</select>
	
</mapper>