<?xml version="1.0" encoding="UTF-8"?>
<beans:beans xmlns="http://www.springframework.org/schema/mvc"
	xmlns:xsi="http://www.w3.org/2001/XMLSchema-instance"
	xmlns:beans="http://www.springframework.org/schema/beans"
	xmlns:context="http://www.springframework.org/schema/context"
	xmlns:websocket="http://www.springframework.org/schema/websocket"
	xsi:schemaLocation="http://www.springframework.org/schema/websocket http://www.springframework.org/schema/websocket/spring-websocket-4.3.xsd
		http://www.springframework.org/schema/mvc https://www.springframework.org/schema/mvc/spring-mvc.xsd
		http://www.springframework.org/schema/beans https://www.springframework.org/schema/beans/spring-beans.xsd
		http://www.springframework.org/schema/context https://www.springframework.org/schema/context/spring-context.xsd">

	<!-- DispatcherServlet Context: defines this servlet's request-processing infrastructure -->
	
	<!-- Enables the Spring MVC @Controller programming model -->
	<annotation-driven>
		<message-converters>
			<beans:bean class="org.springframework.http.converter.StringHttpMessageConverter">
			<beans:property name="defaultCharset" value="utf-8"></beans:property>
				<beans:property name="supportedMediaTypes">
					<beans:list>
						<beans:value>text/plain;charset=utf-8</beans:value>
						<beans:value>text/html;charset=utf-8</beans:value>
						<beans:value>application/json;charset=utf-8</beans:value>
					</beans:list>
				</beans:property>
			</beans:bean>
		</message-converters>
	</annotation-driven>

	<!-- Handles HTTP GET requests for /resources/** by efficiently serving up static resources in the ${webappRoot}/resources directory -->
	<resources mapping="/resources/**" location="/resources/" />
	<resources mapping="/travelImg/**" location="file:C:/TravelImg/" />
	
	<resources mapping="/css/**" location="classpath:/css/" />
	<resources mapping="/img/**" location="classpath:/img/" />
	<resources mapping="/js/**" location="classpath:/js/" />
	
	<!-- multipart/form-data 형식의 요청에 담긴 파일을 처리하기 위한 스프링 빈 선언 -->	
	<beans:bean id="multipartResolver" class="org.springframework.web.multipart.commons.CommonsMultipartResolver">
		<beans:property name="maxInMemorySize" value="104857600"/>
		<beans:property name="maxUploadSize" value="104857600"/>
		<beans:property name="defaultEncoding" value="UTF-8"/>
	</beans:bean>

	<!-- Resolves views selected for rendering by @Controllers to .jsp resources in the /WEB-INF/views directory -->
	<beans:bean class="org.springframework.web.servlet.view.InternalResourceViewResolver">
		<beans:property name="prefix" value="/WEB-INF/views/" />
		<beans:property name="suffix" value=".jsp" />
	</beans:bean>
	
	<context:component-scan base-package="com.TravelMaker.controller" />
	<context:component-scan base-package="com.TravelMaker.config" />
	<context:component-scan base-package="com.TravelMaker.Handler"></context:component-scan>
	
	<interceptors>
		<interceptor>
			<mapping path="/**"/>
			<exclude-mapping path="/img/**"/>
			<exclude-mapping path="/css/**"/>
			<exclude-mapping path="/"/>
			<exclude-mapping path="/WelcomeLogin"/>
			<exclude-mapping path="/lodge/**"/>
			<exclude-mapping path="/Member/**"/>
			<exclude-mapping path="/ajax/**"/>
			<exclude-mapping path="/recommend_travel/recommend_travel_main"/>
			<exclude-mapping path="/Travel_Recommend_View"/>
			<exclude-mapping path="/Meeting/meeting_main"/>
			<beans:bean class="com.TravelMaker.interceptor.LoginInterceptor"/>
		</interceptor>
		<interceptor>
			<mapping path="/**"/>
			<exclude-mapping path="/"/>
			<exclude-mapping path="/WelcomeLogin"/>
			<exclude-mapping path="/Member/**"/>
			<exclude-mapping path="/ajax/**"/>
			<exclude-mapping path="/img/**"/>
			<exclude-mapping path="/css/**"/>
			<exclude-mapping path="/notExist"/>
			<beans:bean class="com.TravelMaker.interceptor.ValidUserInterceptor"/>
		</interceptor>
		
		
	</interceptors>
	
</beans:beans>
