<?xml version="1.0" encoding="UTF-8"?>
<!DOCTYPE mapper PUBLIC 
		"-//mybatis.org//DTD Mapper 3.0//EN" 
		"https://mybatis.org/dtd/mybatis-3-mapper.dtd">

<mapper namespace="com.TravelMaker.repository.lodge.LodgeDAO">
	<select id="selectedList" resultType="lodge" parameterType="map">
		
		select DISTINCT A.LODGE_IDX ,  A.LODGE_NAME , A.LODGE_RATE, A.LODGE_TYPE, A.LODGE_REALIMGNAME, A.LODGE_ADDRESS 
			from lodge A
			
				join
				(select * 
                	from lodge_room_type ROOM
                		where lodge_room_type_count-
                (select count(*) 
                from reserved_lodge_current_state CUR
                	join
                	lodge_room_type D on CUR.reserved_lodge_current_state_roomidx = D.lodge_room_type_idx
                	join
                	lodge F on D.lodge_idx = F.lodge_idx
                    where 
                    <![CDATA[
                    reserved_lodge_current_state_startdate <= #{startDate}
                    and  
                    reserved_lodge_current_state_enddate >= #{endDate})>0
                    ) B
                 on A.lodge_idx = B.lodge_idx]]>
                  
		<where>
			(
			<foreach collection="Arealist" item="item" separator=" or ">
				lodge_address like '%' || #{item} || '%'
			</foreach>
			)
			<if test="Typelist != null and Typelist.size() > 0">
				and (
				<foreach collection="Typelist" item="item2" separator=" or ">
					lodge_type like '%' || #{item2} || '%'
				</foreach>
				)
			</if>
		</where>
	</select>
	
	
	<select id="randomList" resultType="lodge">
		SELECT *
     	FROM (
		    SELECT * 
		    FROM lodge
		    ORDER BY dbms_random.value
		)
		FETCH FIRST 20 ROWS ONLY
			
	</select>
	
	<select id="getRoomList" parameterType="int" resultType="room">
	
		select * from lodge_room_type where lodge_idx=${idx}
	</select>
	
	<select id="getOneRoom" parameterType="int" resultType="room">
		select * from lodge_room_type where lodge_room_type_idx=${idx}
	
	</select>
	
	<select id="getLodge" parameterType="int" resultType="lodge">
		select 
		B.lodge_idx, 
		B.lodge_name,  
		B.lodge_rate, 
		B.lodge_type, 
		B.lodge_realimgname, 
		B.lodge_address, 
		B.lodge_tel, 
		B.lodge_Content
		 from 
		 	lodge_room_type A
		        join 
            lodge B
                on A.lodge_idx = B.lodge_idx
                    where A.lodge_idx=#{idx}
                  	  fetch first 1 row only
	 </select>
	
	<insert id="insertReserved" parameterType="reserved">
		insert into 
		RESERVED_LODGE_CURRENT_STATE (
			RESERVED_LODGE_CURRENT_STATE_STARTDATE,
			RESERVED_LODGE_CURRENT_STATE_ENDDATE,
			RESERVED_LODGE_CURRENT_STATE_USERID,
			RESERVED_LODGE_CURRENT_STATE_ROOMIDX
		)
		values (
			#{reserved_Lodge_Current_State_StartDate}, 
			#{reserved_Lodge_Current_State_EndDate}, 
			#{reserved_Lodge_Current_State_UserId},
			#{reserved_Lodge_Current_State_RoomIdx}
		)
	</insert>
	
	<select id="selectedRoomList" parameterType="room" resultType="room">

	select *
		from lodge_room_type
			where lodge_room_type_count-
				(select
				count(*)
				FROM reserved_lodge_current_state C
        JOIN lodge_room_type D ON C.reserved_lodge_current_state_roomidx = D.lodge_room_type_idx
        JOIN lodge F ON D.lodge_idx = #{lodge_Idx}
				where 
                   <![CDATA[
                   reserved_lodge_current_state_startdate<=#{startDate}
               	and  
                   reserved_lodge_current_state_enddate>=#{endDate}
                   )>0
               	and 
                   lodge_idx=#{lodge_Idx}
                   ]]>
     </select>
     
        <select id="ReviewList" parameterType="int" resultType="review">
     	select * 
    		from LODGE_REVIEW  a
        	join LODGE_ROOM_TYPE  b
     	 	on a.lodge_Review_Idx = b.lodge_Room_Type_Idx
     		where LODGE_REVIEW_ROOMTYPEIDX = ${LODGE_REVIEW_ROOMTYPEIDX}
     	
     </select>
     
      <select id="selectKeywordList" parameterType="string" resultType="lodge">
     	select * from lodge where lodge_name like '%${keyword}%'
     </select>
</mapper>

